Élément du corpus;Écran(s);Statut
Objet : DRP/ANP/AOP, geste ciblé non systématique, sécurité/confort;1-2;Présent
Domaine d’application néonatologie;2;Présent
Documents associés;23;Présent
Documents de référence;23;Présent
Définition DRP;5;Présent
Définition ANP;5;Présent
Définition AOP;5;Présent
Abréviations DRP/ANP/AOP/CH/FC/SpO2;5;Présent
Personnes concernées;2;Présent
Matériel complet;9;Présent
Pressions d’aspiration;10;Présent
Durée maximale;10,17,18;Présent
Principe ANP non systématique;6;Présent
Risques d’aspiration inutile;7;Présent
Algorithme décisionnel;8;Présent
Précautions particulières;20;Présent
DRP étapes 1 à 8;12;Présent
DRP - « souris »;13;À valider métier
ANP indication;15;Présent
AOP indication;8,18;À harmoniser métier
Préparation commune ANP/AOP;16;Présent
Technique ANP complète;17;Présent
Technique AOP complète;18;Présent
AOP - EPPI;18;À valider métier
Surveillance FC/SpO2/coloration/tonus;19;Présent
Seuil FC < 100;19;Présent
Seuil SpO2 < 85;19;Présent
O2 de secours;9,19;Présent
Évaluation douleur/tolérance;21;Présent
Repositionnement;21;Présent
Succion non nutritive / peau-à-peau;21;Présent
Traçabilité heure/indication/passages/sécrétions/douleur/incidents;21;Présent
Situation intégrative;22;Présent
